id,first_name,last_name,email,phone_number
3564074884881522,Etan,McLaverty,emclaverty0@nasa.gov,726-900-7037
4917113427909937,Druci,Reolfi,dreolfi1@163.com,906-417-5731
560225844776256706,Adey,Guinnane,aguinnane2@zimbio.com,885-715-3391
5482671231083308,Madalyn,McLarty,mmclarty3@bandcamp.com,365-766-2835
6767996138994271,Saxe,Bwy,sbwy4@diigo.com,925-711-9436
5108750140493651,Armand,Ewells,aewells5@cam.ac.uk,621-449-7680
560223109175900839,Munroe,Colerick,mcolerick6@odnoklassniki.ru,152-773-2548
67631086239629038,Dominga,Sapp,dsapp7@fc2.com,829-267-1636
3581052052816495,Loella,Shelsher,lshelsher8@slideshare.net,193-764-0453
3554072690438448,Banky,Jouannot,bjouannot9@bbc.co.uk,430-494-0010
3538454138109495,Chiquita,Sleeford,csleeforda@cbsnews.com,675-907-9623
3579817021322112,Jenn,McAllister,jmcallisterb@ucsd.edu,419-703-2654
3577838092839737,Pierette,Nosworthy,pnosworthyc@canalblog.com,156-313-0262
3580988796045399,Kevina,MacElroy,kmacelroyd@yandex.ru,104-151-6845
060436910329132904,Elvin,Allmen,eallmene@nsw.gov.au,211-300-6060
3576541118704775,Whittaker,Writtle,wwrittlef@plala.or.jp,459-891-7347
633312521735188282,Carrol,Boswell,cboswellg@cpanel.net,269-287-4960
3587533450180307,Calida,Gibbett,cgibbetth@geocities.com,218-734-8627
201702881481210,Zechariah,Lindner,zlindneri@163.com,148-310-0308
3584774138593098,Redd,Lambirth,rlambirthj@instagram.com,545-120-0015
6373706812677738,Lonnie,Delacroix,ldelacroixk@nps.gov,730-981-5612
4041596587683,Jeni,Martinuzzi,jmartinuzzil@soundcloud.com,647-310-4333
6709535652304904,Ansell,Boddice,aboddicem@blogtalkradio.com,611-245-6339
3565539997392707,Dick,Ellul,delluln@netlog.com,400-713-7485
6304898244901982016,Marlie,Huckle,mhuckleo@phoca.cz,947-310-7722
5100140220083903,Gil,Medland,gmedlandp@infoseek.co.jp,200-356-2957
5100135462592660,Rollie,Bernardotte,rbernardotteq@ameblo.jp,990-915-9587
3554318193100997,Barbi,Vertigan,bvertiganr@miibeian.gov.cn,727-472-0596
3568509426120737,Caryl,Spearman,cspearmans@hatena.ne.jp,992-206-4592
6763118990470729581,Tamiko,Surman,tsurmant@drupal.org,231-194-4735
3572683532427965,Ethel,Roggeman,eroggemanu@deliciousdays.com,498-526-9400
5583405024066271,Sammy,Lay,slayv@wunderground.com,364-924-8144
5602259390170564,Karlyn,Rainsden,krainsdenw@nps.gov,503-149-5014
3561351541285302,Marena,O'Hagerty,mohagertyx@prweb.com,324-555-3890
3583281275527492,Karissa,Whinney,kwhinneyy@ox.ac.uk,323-638-7892
3567945691217223,Marty,Lermouth,mlermouthz@chicagotribune.com,834-537-7291
3539103090133808,Grady,Misselbrook,gmisselbrook10@kickstarter.com,404-540-1373
3550984543684933,Justin,Luety,jluety11@cnbc.com,138-644-0628
67638874108522456,Imogen,Knevet,iknevet12@imageshack.us,992-921-2491
3540979098142868,Ximenes,Norgate,xnorgate13@japanpost.jp,207-352-2060
3585242760853825,Leoline,Reams,lreams14@privacy.gov.au,599-896-9957
201401394327123,Gustaf,Hempel,ghempel15@nymag.com,441-482-2958
30141085213664,Hoebart,Hucks,hhucks16@sbwire.com,614-159-5494
3549274680128371,Rozalie,Izchaki,rizchaki17@auda.org.au,121-269-2405
3575964605910229,Hal,Moreinu,hmoreinu18@forbes.com,559-438-5980
3583383260589147,Ethelda,Wavell,ewavell19@thetimes.co.uk,329-131-6491
5108753670507452,Mollee,Cuckoo,mcuckoo1a@mediafire.com,859-728-0184
5641821223963185,Carlie,Filipov,cfilipov1b@twitpic.com,839-515-8379
3532890490436818,Betti,Loweth,bloweth1c@google.co.uk,383-119-5428
630409303197306128,Johnette,Sesons,jsesons1d@topsy.com,857-891-4241
3550618883870484,Sonnnie,Bratcher,sbratcher1e@amazonaws.com,983-504-1637
374283613728930,Jareb,Cristofano,jcristofano1f@hud.gov,221-828-3935
374283614362457,Jesse,Camis,jcamis1g@tripod.com,379-998-1326
5893970023610815673,Vinson,Dowsey,vdowsey1h@telegraph.co.uk,597-482-4705
3579462100125977,Bailey,Gotcliffe,bgotcliffe1i@tuttocitta.it,492-316-5806
5108752315919361,Carmita,Oleksinski,coleksinski1j@friendfeed.com,377-456-8861
5602240450314433,Angeline,Huntington,ahuntington1k@upenn.edu,640-436-0738
3573683216273726,Sheffy,Altimas,saltimas1l@ameblo.jp,933-309-2671
676346753644136453,Nicola,Humble,nhumble1m@creativecommons.org,485-887-8346
3581701191225253,Dwight,Polotti,dpolotti1n@cbslocal.com,291-728-4293
3563372919988002,Sissy,Gauld,sgauld1o@guardian.co.uk,184-687-6242
5048374184839506,Kathryn,Kerin,kkerin1p@senate.gov,623-289-8751
3572616513086772,Tandi,Potter,tpotter1q@tinyurl.com,156-442-1030
3530973750864507,Rhiamon,McArd,rmcard1r@tinyurl.com,858-961-8373
3586155424019816,Juan,Trobe,jtrobe1s@prweb.com,806-561-4098
3569722169540891,Vivi,Quarlis,vquarlis1t@cocolog-nifty.com,123-302-7744
3539316650414943,Seward,Brambill,sbrambill1u@nydailynews.com,828-500-7417
63042530744522768,Vivianna,Gonsalo,vgonsalo1v@google.de,860-476-1091
3584450073418266,Sammy,Sabater,ssabater1w@mozilla.com,432-424-5424
67638437017498919,Gay,Fladgate,gfladgate1x@blogger.com,708-319-1858
5602248005674474,Lita,Lawee,llawee1y@fastcompany.com,601-687-8414
6394967072378368,Darb,Guys,dguys1z@cbslocal.com,645-700-1253
3557400941317854,Tallie,Pusill,tpusill20@webs.com,652-499-7906
3534284115416975,Pooh,Litzmann,plitzmann21@merriam-webster.com,669-564-6783
3548644506182649,Nichole,Borles,nborles22@cnbc.com,780-876-3616
4905797885171354,Chrisy,Brammall,cbrammall23@myspace.com,679-472-3156
5602232836078014,Geri,Gauvain,ggauvain24@uol.com.br,781-985-8442
5602222126754036,Janelle,Borg,jborg25@qq.com,255-871-0312
6759140621469778,Winnie,Moxted,wmoxted26@wikia.com,955-117-0628
3586137665843260,Yul,Livesey,ylivesey27@squarespace.com,736-380-9345
5100172170072602,Horacio,Dulany,hdulany28@g.co,387-212-7611
3550982493804022,Culley,Batchelar,cbatchelar29@businessweek.com,644-715-6310
3581293096597457,Tobit,Livoir,tlivoir2a@ed.gov,191-342-3819
3583497298746014,Hirsch,Lody,hlody2b@engadget.com,497-506-9486
201866566271749,Peggie,Aberkirdo,paberkirdo2c@jalbum.net,575-433-8129
374283131054355,Wesley,Ody,wody2d@ow.ly,856-947-6327
3581581698341245,Maribel,Seago,mseago2e@senate.gov,346-202-9653
3533023960020024,Ynes,Frontczak,yfrontczak2f@freewebs.com,675-830-5388
677160692558930512,Hube,Guyver,hguyver2g@nba.com,171-533-1278
3589963254505136,Lennard,Mouton,lmouton2h@merriam-webster.com,868-821-4317
3536570515982832,Barnabe,Price,bprice2i@huffingtonpost.com,276-244-5312
5018271465995674,Gare,Isselee,gisselee2j@e-recht24.de,349-995-5959
3588943484963157,Layne,Anthon,lanthon2k@g.co,354-823-6220
3545828280741455,Marney,Brushneen,mbrushneen2l@earthlink.net,584-341-0838
4041599244888891,Livia,Mullord,lmullord2m@elpais.com,678-563-8094
3528895190731059,Ailina,Fligg,afligg2n@ihg.com,320-133-8376
3575947421883936,Petronella,Christin,pchristin2o@flavors.me,810-960-9196
5020781420109005957,Vera,Beaufoy,vbeaufoy2p@blogger.com,233-793-9068
670998244169559778,Halsy,Drever,hdrever2q@cbc.ca,370-888-9378
5100131459118270,Marian,Beadell,mbeadell2r@deviantart.com,515-506-7995
3564448998520962,Alonzo,Chaulk,achaulk2s@live.com,792-608-5781
3540214306799360,Charmain,Liffey,cliffey2t@blogger.com,638-754-5821
3536492657371288,Guntar,Dunn,gdunn2u@nhs.uk,250-438-5361
5610001094568192,Lorrie,Odam,lodam2v@geocities.jp,522-915-3510
5602232269212098,Britta,Gerrell,bgerrell2w@devhub.com,150-444-6550
30295676097538,Jewell,Vaisey,jvaisey2x@oakley.com,770-954-1059
3546916586462584,Lauren,Gasnoll,lgasnoll2y@imgur.com,729-114-1752
6374669749208986,Ezra,Castelijn,ecastelijn2z@w3.org,248-294-0717
5548040375082629,Barnabe,Kennaird,bkennaird30@state.gov,318-882-3916
3589511767117020,Fran,Bourges,fbourges31@posterous.com,131-798-4394
5100139881597268,Ric,Kennedy,rkennedy32@shareasale.com,577-535-1145
3545599345200247,Vicky,Fetter,vfetter33@reddit.com,383-123-4653
5018022880854692007,Meggy,Rides,mrides34@icq.com,473-556-9214
6398096885238704,Moe,Casina,mcasina35@cargocollective.com,976-799-1215
6763536853754551,Laurens,Grzeskowski,lgrzeskowski36@ed.gov,757-364-4531
4041590728627764,Guglielma,Pegrum,gpegrum37@miitbeian.gov.cn,495-166-5779
3558072586662032,Siegfried,Quarles,squarles38@mysql.com,567-160-9275
5002355702723292,Gabriell,Burcher,gburcher39@nationalgeographic.com,488-964-4267
3577245152341572,Tandy,Manderson,tmanderson3a@utexas.edu,978-387-6341
3546839050978390,Babbie,Kerfoot,bkerfoot3b@zimbio.com,231-101-0074
6709996121949371512,Ashley,Hailes,ahailes3c@fc2.com,843-228-0876
374622324549798,Melisse,Milkin,mmilkin3d@cmu.edu,401-881-7481
3547634126207653,Florenza,Laffoley-Lane,flaffoleylane3e@live.com,896-728-5957
6397647510961705,Rosaline,Jeffels,rjeffels3f@buzzfeed.com,469-689-4210
6386224619415620,Der,MacRedmond,dmacredmond3g@cbsnews.com,161-311-6727
6304498194445223,Euphemia,Smithen,esmithen3h@e-recht24.de,525-102-3419
490365049172106915,Elinor,Tolefree,etolefree3i@soup.io,236-402-8838
6333933177297378,Thurston,Culbert,tculbert3j@webeden.co.uk,119-218-0277
5295499220681164,Cass,Keri,ckeri3k@google.com,512-973-1863
3548888965650212,Marcellina,Sinnatt,msinnatt3l@com.com,526-250-8679
670914553868110522,Milly,Muldownie,mmuldownie3m@wunderground.com,807-788-0771
6709800549935348,Simona,Hawkswood,shawkswood3n@msn.com,656-959-4121
374622357876316,Claudie,O'Fogerty,cofogerty3o@fotki.com,482-777-3705
4917577636618176,Floris,Cochrane,fcochrane3p@unblog.fr,642-926-5326
3578662183742215,Reese,Caddy,rcaddy3q@topsy.com,667-598-3764
3556530734036609,Beryl,Malby,bmalby3r@amazon.de,116-271-1376
3558927017306550,Ardith,Pond-Jones,apondjones3s@tuttocitta.it,904-607-8469
376872147494171,Gayla,Burberow,gburberow3t@miitbeian.gov.cn,850-580-9893
06047712652303902,Cassandre,Lavens,clavens3u@hibu.com,120-233-9970
5496005392197868,Mitzi,Test,mtest3v@google.ru,838-633-2572
3575970632684489,Sondra,Stapylton,sstapylton3w@google.nl,672-489-9675
3578443775180399,Rickert,Mayler,rmayler3x@ebay.com,430-825-8655
3546237709079233,Ki,Sowray,ksowray3y@harvard.edu,156-418-1935
676320859172123985,Roxie,Rutland,rrutland3z@who.int,775-476-8481
5602232841142813,Renard,Kollaschek,rkollaschek40@bloomberg.com,313-712-8854
6333596424143602,Marja,Darkins,mdarkins41@nsw.gov.au,956-101-8512
67634242402037668,Clem,Kellog,ckellog42@amazon.co.uk,834-971-7699
376245018536562,Norah,Cayley,ncayley43@pagesperso-orange.fr,580-593-8920
630465905922328986,Willabella,Cabrer,wcabrer44@google.co.uk,147-444-8055
3580997903143625,Sheelah,Peters,speters45@e-recht24.de,731-564-8927
5507692303168927,Enrico,Geeve,egeeve46@skyrock.com,351-488-2433
564182788292693053,Malcolm,Timeby,mtimeby47@pinterest.com,950-453-0824
3565754777701924,Claudetta,Costello,ccostello48@tripod.com,218-965-4718
3541244525504209,Shirlene,Conigsby,sconigsby49@nydailynews.com,907-657-2826
201987651429164,Niki,Powder,npowder4a@qq.com,862-801-2129
3577969372855620,Martie,Burtonwood,mburtonwood4b@w3.org,422-220-5824
36898609665281,Claresta,Corwin,ccorwin4c@opera.com,593-946-3026
337941412187774,Suzanna,Perche,sperche4d@gnu.org,725-833-3785
6373735869602380,Glynis,Delleschi,gdelleschi4e@hostgator.com,989-327-7884
3531310719005972,Eva,Quixley,equixley4f@hibu.com,101-473-9384
3583617068097856,Adlai,Richardes,arichardes4g@xing.com,175-423-7995
5100135958613947,Kass,Espie,kespie4h@hp.com,701-449-4682
5370849704633727,Eden,Coffin,ecoffin4i@ucoz.com,584-644-5787
3570597452283046,Correy,Moreno,cmoreno4j@bloglovin.com,392-556-6474
3555808455514041,Carolyne,Delatour,cdelatour4k@de.vu,442-150-2480
4575245823593,Lesley,Ellgood,lellgood4l@studiopress.com,295-476-3447
3587467145523656,Eloisa,Waiting,ewaiting4m@umn.edu,946-370-9797
36483490085301,Cristobal,Rooke,crooke4n@technorati.com,158-101-8847
3538311923156133,Sutherlan,Busch,sbusch4o@creativecommons.org,116-198-9642
3564411987180529,Binnie,Pedycan,bpedycan4p@npr.org,844-647-6783
3575905161591119,Clayton,Vian,cvian4q@1und1.de,975-165-9588
3557497764795901,Katusha,Wendover,kwendover4r@mlb.com,260-756-9684
4913335615144597,Chandler,Pickover,cpickover4s@dropbox.com,110-321-5653
3554185447634240,Katha,Brockie,kbrockie4t@ucsd.edu,878-880-3960
3533694850183278,Zara,Lovick,zlovick4u@issuu.com,417-632-1912
201654586612211,Catharine,Seabert,cseabert4v@soup.io,466-849-3870
56105291958076664,Kimberly,Brevitt,kbrevitt4w@linkedin.com,311-392-7521
3563411805287689,Ferd,Dungate,fdungate4x@free.fr,773-694-5616
3589383322508329,Zuzana,Doherty,zdoherty4y@prweb.com,734-903-0573
6388133549746244,Elane,Gemelli,egemelli4z@dailymail.co.uk,595-117-7971
3551334460681414,Shena,Gorgl,sgorgl50@istockphoto.com,639-779-2149
3550653842226429,Elmer,Trustrie,etrustrie51@craigslist.org,511-267-7032
3533177634434944,Davina,Jeavon,djeavon52@sourceforge.net,312-555-9039
3561754360262767,Rodie,Pidgeley,rpidgeley53@jigsy.com,173-296-7222
4175009571950684,Curtice,Oldershaw,coldershaw54@theguardian.com,434-479-7564
5020051638037604,Laney,Skpsey,lskpsey55@istockphoto.com,314-412-1925
677190910766856541,Tallia,Tolle,ttolle56@g.co,177-930-1872
4017952579506,Jo,Widmore,jwidmore57@narod.ru,475-888-2778
3556236853000919,Lynnelle,Elcum,lelcum58@usgs.gov,942-177-5947
50203904663291428,Jo-anne,Wicken,jwicken59@nba.com,278-775-7616
3579125850704859,Maddalena,Sunter,msunter5a@altervista.org,942-310-4558
3570941648050358,Kristan,Ledekker,kledekker5b@jugem.jp,386-241-5278
3589918195766346,Emma,Fealey,efealey5c@umich.edu,678-621-5325
5002358555118511,Moira,Northwood,mnorthwood5d@wufoo.com,507-909-4207
6759473419840951524,Rivi,Boshier,rboshier5e@yelp.com,923-731-3613
3544917469312724,Duky,Wotherspoon,dwotherspoon5f@wikipedia.org,173-809-8085
3562470495075979,Julio,Conant,jconant5g@canalblog.com,747-638-6806
3586821831185223,Anthea,Billo,abillo5h@booking.com,561-532-0184
3588616589492252,Gunther,Bougourd,gbougourd5i@nifty.com,331-742-9039
3554665830618413,Alasteir,Albury,aalbury5j@epa.gov,486-937-7483
677122282724060779,Celie,Compton,ccompton5k@typepad.com,877-362-9064
3586406968150362,Tripp,Drissell,tdrissell5l@nytimes.com,645-178-4708
4911565935668923,Dalston,Kemme,dkemme5m@techcrunch.com,453-509-4873
30263247211939,Paige,Mulford,pmulford5n@si.edu,843-320-9608
6304872484982121,Sigismund,Tooth,stooth5o@examiner.com,338-410-8759
3562624050231563,Vlad,Ormonde,vormonde5p@feedburner.com,132-735-2261
3583106113563062,Palm,Cudd,pcudd5q@addthis.com,431-681-3408
372301589544099,Gawen,Foot,gfoot5r@reference.com,805-131-6024
4905054841351831,Demetris,Phillins,dphillins5s@imgur.com,303-280-8764
4017959695506543,Marc,Kestell,mkestell5t@cornell.edu,194-138-2699
3585691687963093,Chucho,Baseggio,cbaseggio5u@yellowpages.com,836-503-3032
337941881498603,Sasha,Lett,slett5v@ft.com,306-822-2386
4041373023370988,Christoforo,Northcliffe,cnorthcliffe5w@people.com.cn,297-730-7662
5602221266450811052,Ransell,Lines,rlines5x@drupal.org,689-532-3432
4508585212276389,Annabela,Ludye,aludye5y@amazonaws.com,702-964-1571
3561156750985918,Menard,Gostick,mgostick5z@storify.com,789-375-3323
3587036765439053,Darcee,Penddreth,dpenddreth60@posterous.com,132-977-3223
560223345712193062,May,Thomton,mthomton61@plala.or.jp,817-644-1176
3549266491265475,Rebekah,Pacitti,rpacitti62@umich.edu,542-417-6047
3574424551621081,Ulberto,Keig,ukeig63@ycombinator.com,926-470-1399
5257781296289220,Marybelle,Barbera,mbarbera64@hugedomains.com,335-174-9255
5354432224551446,Ignatius,Lysons,ilysons65@spotify.com,141-916-9393
3566854131119224,Homerus,Antuk,hantuk66@xinhuanet.com,459-131-9564
3582493050220737,Amory,Rousby,arousby67@diigo.com,534-840-9116
3568557869659190,Adaline,Deeman,adeeman68@sciencedaily.com,733-272-9964
5602231969768615,Linell,Harpin,lharpin69@youtu.be,546-555-4401
3535069047918324,Tirrell,Avrahamof,tavrahamof6a@pinterest.com,210-693-3488
5525470775505043,Whitney,Bridgens,wbridgens6b@sun.com,871-300-0216
5007669887214660,Jabez,Connors,jconnors6c@merriam-webster.com,648-954-6574
3566598223008791,Robbin,Begley,rbegley6d@reuters.com,868-536-0170
3589702893916100,Dall,Jancso,djancso6e@topsy.com,974-200-7012
3541462371606171,Barri,Molines,bmolines6f@istockphoto.com,137-913-0305
6331105394805672221,Trina,Lynskey,tlynskey6g@comcast.net,642-371-9177
374622915614316,Kippy,Crumbleholme,kcrumbleholme6h@cnet.com,582-396-4234
3571691419892764,Oby,Timperley,otimperley6i@lycos.com,481-659-0932
5399708412404887,Antoinette,Eliff,aeliff6j@4shared.com,238-743-6100
5445346162516594,Conrado,Chaplin,cchaplin6k@myspace.com,412-791-6207
36521041800072,Eddy,Leirmonth,eleirmonth6l@ask.com,667-831-5515
56022372463014356,Brucie,Nuttall,bnuttall6m@mapy.cz,440-215-1224
6759620833282952,Zarah,Lamping,zlamping6n@tuttocitta.it,217-943-6488
3543325005990873,Ynez,Beaves,ybeaves6o@rambler.ru,599-690-5133
5443862027962361,Raven,MacKean,rmackean6p@soup.io,925-720-4181
5100137784940841,Minnaminnie,Merriment,mmerriment6q@4shared.com,890-746-6450
3537054910409385,Wendall,Warry,wwarry6r@dagondesign.com,189-990-4936
3553907469725627,Susi,Strachan,sstrachan6s@newyorker.com,721-323-2677
30156737507909,Darcie,Pesek,dpesek6t@redcross.org,476-458-8317
3587397685511607,Ameline,Domsalla,adomsalla6u@rakuten.co.jp,145-598-2598
3581416555719748,Paddie,McGeaney,pmcgeaney6v@theatlantic.com,707-111-4350
3573531752102652,Garrot,Gisby,ggisby6w@multiply.com,137-101-8503
630423633215659146,Lyn,Lattey,llattey6x@answers.com,832-998-2370
201687465015940,Ranee,Willcox,rwillcox6y@noaa.gov,452-351-5807
337941072694895,Hebert,Pantling,hpantling6z@telegraph.co.uk,983-324-6912
5108753894587496,Biron,Ricciardiello,bricciardiello70@studiopress.com,312-822-3025
4936530938281125,Marta,Jansey,mjansey71@bloglines.com,636-741-2162
3587907210753183,Reade,Mitie,rmitie72@boston.com,279-916-0519
5048379486928980,Ramonda,Rasell,rrasell73@oracle.com,391-478-8750
501898495890895356,Ruddy,Lesper,rlesper74@yellowbook.com,613-300-8796
3567038029975199,Ferrell,Gillinghams,fgillinghams75@people.com.cn,710-549-7300
4388792765351,Cherye,Phython,cphython76@squarespace.com,389-215-8385
6333525619473457820,Keir,Chapier,kchapier77@ycombinator.com,206-452-7099
3561086286106202,Claudio,Omrod,comrod78@shareasale.com,125-876-7640
4441502295803,Poul,Filde,pfilde79@netscape.com,104-548-2017
3564393171276869,Melva,Farnes,mfarnes7a@pen.io,908-404-4728
6392801806609222,Brigit,Scrivin,bscrivin7b@ucoz.ru,524-392-8191
3555154482766837,Evvie,Collinette,ecollinette7c@nature.com,535-102-0180
5007666810512012,Orly,MacDowal,omacdowal7d@scribd.com,880-553-5699
4508706748377190,Lorelle,Clarae,lclarae7e@chicagotribune.com,435-248-3101
30153892469611,Freddy,Hallam,fhallam7f@flickr.com,941-673-8185
3587248824026819,Petr,Valde,pvalde7g@naver.com,481-209-0777
3567876864492253,Courtney,Emney,cemney7h@prlog.org,689-318-7536
5602212938428280369,Renaud,Ducker,rducker7i@yelp.com,670-439-4952
4041378772081,Alic,Zeplin,azeplin7j@ed.gov,621-394-7988
67595350142941862,Candra,Cockcroft,ccockcroft7k@walmart.com,289-955-8997
3539206242915657,Earvin,Carabine,ecarabine7l@imageshack.us,902-240-7757
5308809480877473,Yetta,Gladdor,ygladdor7m@msn.com,302-328-0336
201684799961394,Clayborne,Sheahan,csheahan7n@sfgate.com,562-432-2963
5394556192243479,Nadeen,Ronci,nronci7o@woothemes.com,723-430-1598
3550199188141590,Hestia,Rushbrooke,hrushbrooke7p@ow.ly,231-863-4112
6378232352835326,Freda,Clingoe,fclingoe7q@businessweek.com,683-379-9121
4903144273212742275,Vernen,Grimsdell,vgrimsdell7r@furl.net,515-719-1966
337941039424725,Aymer,Tropman,atropman7s@xrea.com,623-494-1516
337941411948846,Maurits,Greatorex,mgreatorex7t@uiuc.edu,298-545-9169
30377618047852,Flossy,Dimeloe,fdimeloe7u@fastcompany.com,288-873-0302
4936709907807240495,Ardyce,Jeanneau,ajeanneau7v@hhs.gov,673-906-3549
3562594130909720,Bronson,Wolfer,bwolfer7w@tuttocitta.it,429-845-8380
6759265332956001038,Bobbee,Hext,bhext7x@sitemeter.com,127-610-9607
3558313088582272,Frederik,Defraine,fdefraine7y@sciencedirect.com,230-328-5376
3530108211167659,Hannis,Scarlin,hscarlin7z@toplist.cz,108-396-7163
6761980590417113946,Kirsten,Richings,krichings80@cbslocal.com,919-910-9623
3558460116991171,Davon,Trobe,dtrobe81@elpais.com,228-591-3439
3533041703883912,Tye,Davinet,tdavinet82@google.ca,282-759-8914
3528511882040754,Clement,Tremberth,ctremberth83@is.gd,968-129-0118
6377808407582624,Kathrine,De Giorgi,kdegiorgi84@yellowbook.com,979-459-1915
5048371766030462,Gayler,Fayer,gfayer85@spiegel.de,149-268-8035
6331101571181533895,Cello,Chiechio,cchiechio86@businesswire.com,650-959-0398
374622100059111,Luci,Ast,last87@google.co.uk,862-774-2801
3537134832950599,Stu,Milsap,smilsap88@vkontakte.ru,352-490-5351
3572215110393689,Lexine,McTrustrie,lmctrustrie89@163.com,779-793-6304
490529864298330899,Virginie,Maffezzoli,vmaffezzoli8a@cyberchimps.com,568-875-9715
4913879928175848,Ximenes,Clewlowe,xclewlowe8b@prlog.org,975-171-1069
675929334673896783,Susana,Van Der Straaten,svanderstraaten8c@g.co,982-912-0496
4844141732402635,Barret,Malby,bmalby8d@g.co,687-435-7175
4041376519954264,Diana,Bollam,dbollam8e@aol.com,505-291-8759
3588042340441449,Cordie,Losemann,closemann8f@blinklist.com,734-778-1835
5108759368787470,Georg,Curzey,gcurzey8g@eventbrite.com,388-349-9526
6331101603758356721,Gabriell,Frome,gfrome8h@ask.com,949-622-8059
3542375287153147,Skippy,Strachan,sstrachan8i@google.cn,587-206-2187
5515727008792090,Ninon,Pink,npink8j@mediafire.com,530-590-6476
4026008051986441,Orson,Rowaszkiewicz,orowaszkiewicz8k@weibo.com,909-592-1768
3538784761951783,Aeriell,Doudny,adoudny8l@bravesites.com,361-968-0841
3570373971193292,Brietta,McCalum,bmccalum8m@163.com,997-853-7316
374283462932872,Seka,Carwithen,scarwithen8n@mapy.cz,482-501-5567
4041592345094139,Barri,Tanman,btanman8o@freewebs.com,498-746-2545
501898658269839855,Hewe,Olifard,holifard8p@marketwatch.com,687-303-2720
30307448807423,Brigham,Saunder,bsaunder8q@unc.edu,566-110-9450
3529745653003349,Cullen,MacDiarmid,cmacdiarmid8r@phpbb.com,563-924-3726
3538822459209062,Fairlie,Abrahmson,fabrahmson8s@indiatimes.com,570-640-0984
3540160263217419,Donovan,Gathercoal,dgathercoal8t@tuttocitta.it,859-490-6898
30062369817477,Kerianne,Gibling,kgibling8u@springer.com,734-320-0376
560223779593282992,Lydon,Basset,lbasset8v@acquirethisname.com,958-880-5422
3553555574168926,Burg,Keggins,bkeggins8w@baidu.com,533-474-6294
5610686846629563,Cristal,Jealous,cjealous8x@altervista.org,373-534-7407
3569715947610432,Jamie,Colegate,jcolegate8y@infoseek.co.jp,973-701-8700
3589799138184866,Esra,Thurling,ethurling8z@hhs.gov,472-396-6950
374288558500434,Kellby,Braune,kbraune90@toplist.cz,801-531-6795
3567630009124630,Carly,Renvoise,crenvoise91@artisteer.com,449-586-0730
5100141177010964,Grayce,Ramelot,gramelot92@paypal.com,998-352-5986
6383977226155292,Hilton,McKirdy,hmckirdy93@unblog.fr,251-978-4015
3574893766272387,Vivienne,Sultana,vsultana94@aboutads.info,345-643-9018
3545448166247939,Mame,Spolton,mspolton95@quantcast.com,131-536-0549
3549494242000393,Malachi,Flecknell,mflecknell96@phoca.cz,757-801-9625
5018875485234334250,Jodee,Tomankiewicz,jtomankiewicz97@sun.com,484-518-7782
4026304808750432,Jerome,Vannuccini,jvannuccini98@qq.com,816-876-3687
630452932437529739,Daryn,Rolstone,drolstone99@surveymonkey.com,722-787-8636
5108750086976909,Cleo,Szymonwicz,cszymonwicz9a@wordpress.com,204-906-3353
560222446389755018,Brennan,Vallens,bvallens9b@tamu.edu,389-586-7935
4026534135767705,Allyson,O'Nion,aonion9c@constantcontact.com,545-325-9179
337941375168688,Marcie,Millward,mmillward9d@dailymotion.com,589-371-0255
677158763806997993,Celestine,Le Barr,clebarr9e@reverbnation.com,782-512-9401
3543217591096142,Archer,Hebard,ahebard9f@alibaba.com,829-737-2543
5010129290672835,Annette,Titherington,atitherington9g@home.pl,474-584-2650
5018847403449834027,Stacy,Noblett,snoblett9h@imageshack.us,337-566-8873
5322781031531382,Ailbert,Tant,atant9i@arizona.edu,811-607-1431
30316889521963,Gilberto,Seed,gseed9j@cam.ac.uk,428-248-0408
30290724775656,Lucretia,Haselden,lhaselden9k@mapy.cz,584-119-9621
3564291057863646,Donni,Pardue,dpardue9l@springer.com,926-310-3561
3585162378546324,Alasteir,Chillcot,achillcot9m@hao123.com,990-570-4153
4926245292307,Maure,Pfiffer,mpfiffer9n@harvard.edu,487-338-2328
06049377489649022,Shaun,Coopman,scoopman9o@list-manage.com,475-337-4443
4844267532761126,Jeremias,Sharpling,jsharpling9p@furl.net,727-815-7937
3532084887988447,Sigismund,Harrald,sharrald9q@dell.com,874-323-9718
3562330023411742,Harriette,Charlesworth,hcharlesworth9r@mlb.com,821-959-0923
201653097201951,Rafe,Ride,rride9s@sogou.com,614-398-5683
3531309633467383,Erinna,Kalinke,ekalinke9t@spiegel.de,225-526-4998
3547657857308069,Adah,Maron,amaron9u@paypal.com,641-868-4164
3552061115403766,Farr,Pattle,fpattle9v@etsy.com,753-410-8001
3560879200363615,Laurie,Hainning,lhainning9w@tinypic.com,442-694-3262
670649385164503486,Shelby,Ferrier,sferrier9x@sciencedirect.com,220-737-3627
56022576497908157,Lothario,Leads,lleads9y@ucla.edu,778-439-8808
560221123484499518,Cammy,Robyns,crobyns9z@sourceforge.net,910-420-1783
4913877336518658,Mitchel,Dolley,mdolleya0@dell.com,665-637-8260
3571744199792199,Freddy,Haslewood,fhaslewooda1@pcworld.com,172-837-2173
5602247032455410,Ada,Castanares,acastanaresa2@illinois.edu,759-651-9639
201754504059717,Dareen,Winn,dwinna3@so-net.ne.jp,867-744-4984
3581071861605931,Kynthia,Heenan,kheenana4@cnbc.com,627-580-4523
201973786447644,Juliane,Gronous,jgronousa5@hhs.gov,841-919-3730
3537581040431665,Kerrin,O' Meara,komearaa6@harvard.edu,537-279-1215
3567907115496536,Olivette,Scrowby,oscrowbya7@comsenz.com,675-403-1282
4936504294832532,Vinni,Mogenot,vmogenota8@amazon.com,216-299-6434
3571596489120212,Greggory,Kuhl,gkuhla9@apple.com,617-640-8015
5100137479138230,Sigvard,Guerra,sguerraaa@ebay.com,186-123-7439
374622625847917,Kathe,Whiteland,kwhitelandab@amazon.co.uk,231-823-8467
3550796092569400,Errick,Worham,eworhamac@bbb.org,723-735-0361
3575281317449747,Niko,Trevethan,ntrevethanad@infoseek.co.jp,950-164-7994
6333229188512438711,Meg,Eakley,meakleyae@nba.com,983-290-1912
5602242696096618,Graig,Cantrill,gcantrillaf@oracle.com,187-927-2644
5415093194318716,Grantley,Brailey,gbraileyag@weather.com,800-487-6333
491129102754227933,Pryce,Trahmel,ptrahmelah@bbc.co.uk,384-453-9668
4041593577588,Dalia,Jermin,djerminai@creativecommons.org,701-904-8051
6388833129491596,Olly,Cammish,ocammishaj@privacy.gov.au,813-436-2773
4017957203250,Forrest,Chomley,fchomleyak@accuweather.com,182-598-4797
3536817099877015,Abigale,Wye,awyeal@tripod.com,862-336-3141
501809873970150264,Berrie,McOwan,bmcowanam@sourceforge.net,987-350-9428
3537334341620192,Atlanta,Gunson,agunsonan@last.fm,773-416-6786
6331103450568740423,Leodora,Tchaikovsky,ltchaikovskyao@google.nl,873-950-9480
3550496645543222,Bartel,Lakey,blakeyap@google.es,363-111-5172
3581555219438763,Elsbeth,Winney,ewinneyaq@fda.gov,174-576-9656
30149392918362,Florida,Southorn,fsouthornar@salon.com,568-487-5751
5007667736174911,Kevin,Presslee,kpressleeas@studiopress.com,861-913-7471
5100138938841687,Marne,Rajchert,mrajchertat@unicef.org,548-523-8627
3550007463715170,Lacy,Bole,lboleau@t-online.de,384-392-9745
3575512301859040,Otto,Bisson,obissonav@geocities.jp,522-305-4086
3579889667903125,Alejandra,Halls,ahallsaw@wired.com,607-210-4548
5610021554445178,David,Cotterill,dcotterillax@icio.us,597-600-1130
67063870592937527,Benjamin,Rochford,brochforday@icio.us,896-627-3746
5100131735516404,Edmund,O'Reagan,eoreaganaz@time.com,522-360-7214
3555543515341982,Elisabet,Karpov,ekarpovb0@live.com,429-629-8642
3565322811293173,Beryle,Blacklock,bblacklockb1@hostgator.com,753-298-0667
3531413087616519,Ruthann,Winslet,rwinsletb2@wikia.com,143-102-9479
5108755119034840,Mada,Dudson,mdudsonb3@github.com,228-895-9150
4041378985854309,Freddy,Pollicott,fpollicottb4@marketwatch.com,253-827-6280
3581727831652416,Jacqui,Sherborn,jsherbornb5@prlog.org,716-613-3226
50204101157504817,Lawry,MacAnespie,lmacanespieb6@jigsy.com,585-964-6177
3565318343066244,Grethel,Dulake,gdulakeb7@gnu.org,856-851-6726
3573771628350776,Romola,Blazey,rblazeyb8@symantec.com,392-937-3601
201956444416176,Shani,Piecha,spiechab9@weather.com,236-760-6023
6767339409646986482,Bevin,Francie,bfrancieba@springer.com,113-348-0304
3530449102862465,Gert,Preedy,gpreedybb@yahoo.co.jp,370-719-7932
201876634150460,Marylin,Macauley,mmacauleybc@mozilla.org,107-978-9318
6378071551070586,Brigida,Rathbourne,brathbournebd@unblog.fr,907-417-9799
3542669545348824,Doyle,Giamelli,dgiamellibe@discovery.com,353-561-2350
3548482592971868,Steffane,Buck,sbuckbf@printfriendly.com,873-188-8869
374283161833108,Jacinda,McMoyer,jmcmoyerbg@kickstarter.com,463-768-0062
201754078841136,Iver,Scholcroft,ischolcroftbh@cam.ac.uk,226-849-1226
503870251640918578,Rona,Spat,rspatbi@narod.ru,394-873-8202
675961863381299483,Aldus,Skirrow,askirrowbj@wikia.com,139-448-6967
633110347486071178,Ash,Pethrick,apethrickbk@homestead.com,265-231-5512
4041590622726,Kessiah,Putland,kputlandbl@seesaa.net,205-674-5493
30153045916583,Danni,Schleicher,dschleicherbm@webeden.co.uk,614-413-4581
4175007590186611,Rodd,Barsby,rbarsbybn@loc.gov,923-905-8014
349874132600980,Crystie,Gussie,cgussiebo@newyorker.com,411-428-8367
3530133270780119,Grady,Braksper,gbraksperbp@wordpress.com,317-599-7305
677185605831510639,Yolane,Elger,yelgerbq@imgur.com,925-423-8705
3541953207725060,Charisse,Stannard,cstannardbr@studiopress.com,292-729-2565
5048371414656981,Cal,Beaument,cbeaumentbs@alibaba.com,782-431-9648
5602254913784884541,Corina,Bachura,cbachurabt@yandex.ru,515-535-9106
4936843859856500765,Amie,Seacombe,aseacombebu@myspace.com,188-103-6971
3550929928324282,Corie,Kneale,cknealebv@cocolog-nifty.com,964-925-3171
3569851232678345,Vivien,Slorach,vslorachbw@harvard.edu,391-789-8350
4041378486073144,Cecilia,Aldrick,caldrickbx@archive.org,204-934-6443
3549971628040713,Zuzana,Cable,zcableby@admin.ch,362-844-8878
374283322280108,Golda,Sleeman,gsleemanbz@wired.com,285-842-5431
3528451679635237,Raddy,Staker,rstakerc0@wp.com,658-229-5306
6709923118280463138,Hermy,Tomaello,htomaelloc1@paginegialle.it,800-650-1799
4017957314917,Warren,Culligan,wculliganc2@ucsd.edu,491-396-0666
3555998429437252,Linnie,Treen,ltreenc3@freewebs.com,729-819-0472
5602231714914548,Neill,Jaulme,njaulmec4@buzzfeed.com,692-272-5476
4844783282565996,Garvy,Duddan,gduddanc5@google.it,646-203-1074
4103077086426158,Kikelia,Eckart,keckartc6@businessweek.com,789-314-4728
3541327666417552,Calhoun,Foxwell,cfoxwellc7@geocities.com,282-535-6596
201720465246767,Bird,Klain,bklainc8@bluehost.com,559-457-8262
30172092149906,Josefa,Orriss,jorrissc9@usgs.gov,814-251-0113
3558416356064491,Gerrard,Rickeard,grickeardca@printfriendly.com,221-709-8127
4041371121393720,Horacio,Spensley,hspensleycb@free.fr,642-967-8611
201734984057035,Dara,Bromehed,dbromehedcc@usa.gov,709-488-3948
3536753240828658,Adolph,Orridge,aorridgecd@cisco.com,773-745-2106
4175000542150355,Clemmy,Valdes,cvaldesce@sciencedaily.com,625-351-7391
30157494040514,Cliff,Cottem,ccottemcf@deliciousdays.com,716-640-8731
3568730881268221,Nicolle,Terzi,nterzicg@twitpic.com,187-146-0385
3554089263557818,Viviyan,Goulbourn,vgoulbournch@thetimes.co.uk,761-763-1060
3565892766726872,Justine,Hookes,jhookesci@nhs.uk,597-506-8129
5602253534820614,Wenonah,Harvard,wharvardcj@webmd.com,277-214-5743
3583064327078809,Jacky,Mattecot,jmattecotck@de.vu,225-954-1010
5100145494635015,Stearn,Jorck,sjorckcl@symantec.com,474-239-7466
3536187781194701,Adah,Rapinett,arapinettcm@disqus.com,713-962-2986
3575383948035505,Wallis,Seaward,wseawardcn@i2i.jp,427-668-1871
3582624305483262,Kelley,Brailey,kbraileyco@devhub.com,444-558-6584
6763122053347106196,Lydon,Gencke,lgenckecp@google.co.jp,226-179-2730
4041376371969,Willyt,Tristram,wtristramcq@chicagotribune.com,363-449-3731
3587035968815093,Allan,Cheetham,acheethamcr@jalbum.net,346-794-6667
67716761428608765,Earvin,Renny,erennycs@goo.ne.jp,469-227-3565
3535971685108730,Brendin,Bernon,bbernonct@ibm.com,687-913-0544
372301833476833,Agace,Ingarfield,aingarfieldcu@desdev.cn,828-701-7012
3532857939152439,Shirl,Landell,slandellcv@deliciousdays.com,600-160-6826
5100139334650284,Ethelin,Sangwine,esangwinecw@stanford.edu,259-611-2113
30409491635691,Abigael,Medling,amedlingcx@cargocollective.com,959-915-9819
3542748251336148,Kendricks,Shipway,kshipwaycy@google.com,807-620-2359
6331101058645741,Lilli,Screen,lscreencz@cargocollective.com,815-327-9089
6706884559956777,Nial,Barrell,nbarrelld0@chron.com,182-969-4762
3572867144411307,Yehudi,Sommersett,ysommersettd1@geocities.com,984-226-9368
5602221576809456,Devy,Vacher,dvacherd2@fc2.com,553-439-9641
4026159067609301,Syd,Poundesford,spoundesfordd3@slashdot.org,168-359-6480
3536376975558488,Joanne,Rymour,jrymourd4@spiegel.de,328-333-2302
3572872477413797,Annecorinne,Olensby,aolensbyd5@amazon.com,537-980-3912
6334343897581805,Harwilll,Garrold,hgarroldd6@nationalgeographic.com,313-662-6712
4175003763339087,Rania,Peele,rpeeled7@digg.com,545-506-2012
5317525707017391,Claribel,Henlon,chenlond8@mlb.com,962-962-4303
3544863370259457,Marnia,Doman,mdomand9@tinypic.com,745-106-5255
56022402272882030,Zack,Hartill,zhartillda@51.la,313-183-7475
4041596779893056,Elka,Filasov,efilasovdb@cyberchimps.com,417-382-4979
4844074498041380,Hollis,Coulling,hcoullingdc@forbes.com,949-405-8014
30063961654276,Darren,De Biasi,ddebiasidd@smh.com.au,478-117-1112
3549626939559138,Lacey,Twinning,ltwinningde@utexas.edu,248-868-6078
3555694808830510,Marshal,McQuirk,mmcquirkdf@berkeley.edu,139-787-7338
374120161086164,Caddric,Scarlett,cscarlettdg@theglobeandmail.com,516-128-6954
201909491079587,Friedrick,Presidey,fpresideydh@jimdo.com,267-585-4262
4026852674443763,Roxine,Dearell,rdearelldi@answers.com,736-916-0381
6762883568486165,Romeo,Tuftin,rtuftindj@intel.com,975-806-2648
36598286039293,Braden,Harmond,bharmonddk@parallels.com,960-731-5469
3553988659444070,Aggi,Boutwell,aboutwelldl@yale.edu,653-127-4203
3532905051804335,Hermine,Gibard,hgibarddm@army.mil,864-918-7903
30262559897426,Shayne,St Clair,sstclairdn@bloglovin.com,745-982-0429
3550655944699700,Karel,Ewin,kewindo@independent.co.uk,648-807-2250
5602233987585844504,Katharine,Enrrico,kenrricodp@mit.edu,801-660-9438
3566142653100768,Paddie,Stidworthy,pstidworthydq@wisc.edu,834-166-4051
6392899362846675,Avie,Primo,aprimodr@youtu.be,731-686-2507
6377878255109531,Anne,Vellacott,avellacottds@sourceforge.net,237-536-1700
3584567992687356,Shirline,Shuttell,sshuttelldt@jiathis.com,597-830-4527
6767999420188187919,Kennan,Caves,kcavesdu@free.fr,506-324-3086
3555220037397525,Kimbra,Fairney,kfairneydv@seesaa.net,998-795-7469
56022172573522243,Ken,Ordemann,kordemanndw@boston.com,983-920-7096
6759417031521436342,Loren,Highman,lhighmandx@google.cn,195-122-4207
4508821298626209,Galina,Denty,gdentydy@japanpost.jp,900-987-1631
67598438716750301,Missie,Dews,mdewsdz@live.com,838-972-5019
561036452172404560,Thibaut,Pohling,tpohlinge0@4shared.com,149-864-5543
6333482027443512131,Pryce,Welden,pweldene1@stumbleupon.com,975-582-4345
6771557115702949275,Corrianne,Bulgen,cbulgene2@free.fr,675-982-8117
3545115669911853,Bartolomeo,Whitmell,bwhitmelle3@europa.eu,541-687-7162
4026826648544229,Briant,Charnick,bcharnicke4@prweb.com,643-212-5987
503857524782292409,Parsifal,Preene,ppreenee5@mediafire.com,866-468-8344
337941674844591,Camilla,Mangenet,cmangenete6@weather.com,428-410-0607
4903553497044956,Eberhard,Duddle,eduddlee7@about.me,385-616-3947
3562304194056180,Melisse,Beavors,mbeavorse8@icq.com,214-309-7396
30164868398460,Eachelle,Manjin,emanjine9@phpbb.com,484-166-8455
3571994287453283,Dorisa,Lenney,dlenneyea@acquirethisname.com,762-914-4931
561062558363949895,Merle,Bawcock,mbawcockeb@ca.gov,551-470-9496
3563364345347234,Loleta,Finden,lfindenec@samsung.com,890-361-2901
6304020830766836,Maryanna,Shave,mshaveed@marriott.com,817-658-0832
564182032301882724,Caryl,Powles,cpowlesee@163.com,534-913-5756
30281771950912,Bennett,Paulich,bpaulichef@slate.com,683-983-3643
3535987991573169,Boony,Tortoishell,btortoishelleg@ted.com,169-746-8209
30537968985346,Jonathan,Gooms,jgoomseh@taobao.com,578-368-7542
4041371091182,Foster,Roads,froadsei@last.fm,801-640-5824
3578993541669133,Shari,Joint,sjointej@youtu.be,424-164-5556
4844255180577084,Titos,Seaman,tseamanek@amazon.co.uk,768-187-3417
6706123595434986441,Claretta,Prigg,cpriggel@chron.com,630-814-2180
3552018575178916,Norrie,Resun,nresunem@flavors.me,715-590-5120
3589015954739323,Matthew,Fetherstone,mfetherstoneen@t.co,950-410-4671
3564885153267816,Jameson,Reap,jreapeo@cbc.ca,727-552-6840
3554666526304110,Dania,Shurlock,dshurlockep@fc2.com,264-304-6155
5568699207894850,Anissa,Uzelli,auzellieq@t.co,966-616-6902
374622238732365,Magdalene,Abbatucci,mabbatuccier@gmpg.org,912-512-8232
5216124990551381,Perl,Hullock,phullockes@homestead.com,948-748-4346
6333699449823255,Isabel,Twitty,itwittyet@china.com.cn,315-281-1574
3563861942813633,Lizette,Beeching,lbeechingeu@tiny.cc,342-212-9697
5207946141343594,Cathyleen,Ruddell,cruddellev@ebay.com,241-653-8491
3530742916237209,Veronika,Emery,vemeryew@macromedia.com,568-775-8737
5610452887728602,Zonda,Lorey,zloreyex@feedburner.com,841-191-3808
3589898305697856,Bucky,Gamblin,bgambliney@storify.com,733-275-0841
4508592728288916,Donna,Beurich,dbeurichez@blogspot.com,537-583-3675
3540377544452439,Orsa,Clipston,oclipstonf0@telegraph.co.uk,730-709-2236
3584767115340525,Isiahi,Verrier,iverrierf1@hp.com,806-962-6897
3557966017326144,Liesa,Tellett,ltellettf2@chronoengine.com,578-652-1870
3580885520449154,Urbanus,Blaver,ublaverf3@jugem.jp,827-855-8394
493626837166174868,Brice,Eim,beimf4@timesonline.co.uk,590-515-2405
3554772287275935,Margareta,Vasyaev,mvasyaevf5@telegraph.co.uk,487-713-4742
201513307606458,Blanche,Rabat,brabatf6@ft.com,352-591-4646
5602212939399392,Mandel,Labdon,mlabdonf7@cdbaby.com,961-254-9135
4905136034646320871,Hendrick,Wooton,hwootonf8@eventbrite.com,481-108-1317
4175005346353238,Tomi,Burnsides,tburnsidesf9@deliciousdays.com,122-824-5424
201445703627178,Beck,Seyler,bseylerfa@reddit.com,200-750-3408
3569780020841478,Luisa,Belleny,lbellenyfb@cafepress.com,546-885-0624
3540642181652173,Elvera,Cowle,ecowlefc@gnu.org,987-729-8524
201439820858725,Rae,Robertis,rrobertisfd@msu.edu,790-689-2950
3580509938558709,Cirillo,MacRanald,cmacranaldfe@chronoengine.com,571-824-3608
5602246288691926,Rae,Laurance,rlauranceff@friendfeed.com,383-359-7899
3549883034983008,Erena,Attridge,eattridgefg@amazon.co.uk,515-885-0724
560223275354670251,Wat,Swaine,wswainefh@amazon.co.uk,394-386-9224
3532824619378569,Boycey,Murrock,bmurrockfi@gmpg.org,415-611-1895
5602250674334059,Holly,Knowles,hknowlesfj@w3.org,798-552-6910
5100178674747417,Dniren,Kuzemka,dkuzemkafk@about.com,332-734-3857
3571951175775144,Orel,Spraberry,ospraberryfl@imageshack.us,468-406-3649
6761057998981207366,Carmencita,Glandon,cglandonfm@msu.edu,831-687-7069
3558313199156917,Shalom,Davidovsky,sdavidovskyfn@businessinsider.com,345-866-9561
50188203608112420,Nert,Bezemer,nbezemerfo@businessinsider.com,741-652-6088
6763534862606748,Annette,Beaumont,abeaumontfp@dagondesign.com,508-790-5498
5641823481424561,Tabb,Daen,tdaenfq@feedburner.com,547-182-4341
4903581586018268,Adrian,Rodgier,arodgierfr@marketwatch.com,270-834-1609
676711870149006481,Brandais,Marian,bmarianfs@elpais.com,347-702-2423
5610845425379475,Caprice,Dobbyn,cdobbynft@hostgator.com,711-785-3232
3553182934838682,Kathie,Slingsby,kslingsbyfu@scribd.com,905-184-2703
3532706010493578,Erroll,Gilmour,egilmourfv@dyndns.org,841-607-0544
376285841666038,Davidde,Willcocks,dwillcocksfw@phoca.cz,493-976-7655
201779389141892,Bartel,Osanne,bosannefx@businessinsider.com,152-782-3092
201777431499342,Therese,Kingsbury,tkingsburyfy@europa.eu,337-382-6534
3569527972282783,Corinna,Hamblington,chamblingtonfz@deliciousdays.com,323-295-7035
201759879143178,Deanne,Benko,dbenkog0@wired.com,836-102-4952
3559255501969033,Marcie,Phelit,mphelitg1@examiner.com,205-102-1326
3558730600638839,Isidora,Male,imaleg2@army.mil,681-423-7593
5282916569390342,Cheslie,Beedham,cbeedhamg3@vkontakte.ru,873-561-4048
3568741108919488,Halley,Revell,hrevellg4@wikispaces.com,785-274-4053
4026598760009451,Pat,Holworth,pholworthg5@ucla.edu,654-941-9108
4844266341760345,Mandel,Crownshaw,mcrownshawg6@1und1.de,692-650-6779
201573018896350,Starlene,Beltzner,sbeltznerg7@mayoclinic.com,307-960-9147
3531455009455955,Marjory,O'Mannion,momanniong8@123-reg.co.uk,869-860-8265
6761513141405337828,Jacqui,Leggis,jleggisg9@chronoengine.com,547-803-2859
4041599428937134,Tyne,Cuseck,tcuseckga@studiopress.com,691-128-1275
3544672547064140,Rasia,Marsland,rmarslandgb@discuz.net,783-682-2273
3571382500260448,Darda,Caukill,dcaukillgc@mlb.com,718-488-1722
4508931745308440,Simone,Kubal,skubalgd@patch.com,507-890-9735
4508042237836433,Toddy,Hinnerk,thinnerkge@ning.com,595-386-6425
6759827760298915,Jarrod,Dukes,jdukesgf@amazon.com,727-908-6693
30345142426496,Wheeler,Bradfield,wbradfieldgg@nhs.uk,549-763-8821
4913321471797736,Nydia,Bockin,nbockingh@hugedomains.com,803-119-4836
3556128073018559,Arielle,Treske,atreskegi@statcounter.com,387-618-9040
3566295001238944,Selie,Lillistone,slillistonegj@woothemes.com,182-911-3264
3531983672092284,Hyacinthie,Awde,hawdegk@biglobe.ne.jp,918-770-2096
3562011377349684,Stacy,Darlington,sdarlingtongl@shop-pro.jp,965-654-2809
30418070107089,Reamonn,Shawe,rshawegm@sun.com,168-765-0797
3550460870136862,Bell,Jimes,bjimesgn@skyrock.com,613-345-0887
3546834841867770,Ulises,Cleve,uclevego@alexa.com,736-388-2940
3528851998079092,Griffy,Bennis,gbennisgp@mayoclinic.com,188-763-0160
633418214601759765,Clevie,Roderham,croderhamgq@miitbeian.gov.cn,940-986-9442
3556400267521114,Amelie,Dearman,adearmangr@cbc.ca,427-770-9219
56022537101460001,Celinka,Vaadeland,cvaadelandgs@timesonline.co.uk,509-859-1783
3558786347744579,Tuck,Rowan,trowangt@google.pl,410-416-9578
5602254430459572,Arliene,Coxwell,acoxwellgu@angelfire.com,315-846-0958
3577916549776759,Gianina,Bernadot,gbernadotgv@stumbleupon.com,705-369-7761
3560685694920970,Zia,Rimour,zrimourgw@devhub.com,671-698-6273
347205693681907,Colas,Fishbourne,cfishbournegx@ucoz.ru,125-510-9027
561014794552007174,Clevie,Ende,cendegy@miibeian.gov.cn,687-950-9988
3532449438684151,Kimmie,Tilt,ktiltgz@paypal.com,246-434-4996
3565832138394819,Mathian,Wilding,mwildingh0@hc360.com,687-723-1968
58938807879558164,Tadeo,Mayell,tmayellh1@vkontakte.ru,956-147-6309
4405869402974654,Hedvige,Relph,hrelphh2@smh.com.au,762-591-5628
561066962009630990,Ciro,Caldecourt,ccaldecourth3@sun.com,892-329-9226
6759921631549231663,Thaxter,Trebilcock,ttrebilcockh4@phpbb.com,195-692-4898
3560331243659393,Gerry,Worsom,gworsomh5@foxnews.com,370-675-5912
4917027426066558,Salem,Woofenden,swoofendenh6@deviantart.com,583-811-9216
5411543498005058,Kathlin,MacInerney,kmacinerneyh7@si.edu,871-182-2050
30352687511377,Charlotta,McAnalley,cmcanalleyh8@prweb.com,717-444-8927
5100145854139699,Ebeneser,Ranger,erangerh9@howstuffworks.com,701-865-8557
67064956684623759,Risa,Botfield,rbotfieldha@independent.co.uk,105-428-1343
3533747972385716,Warner,Bitten,wbittenhb@macromedia.com,565-399-7657
3573356529380021,Kaleb,Purle,kpurlehc@creativecommons.org,665-375-8500
5224806563389971,Orsola,Ridesdale,oridesdalehd@omniture.com,699-394-2594
5602229287370833,Meredith,Ferrone,mferronehe@123-reg.co.uk,366-546-5808
30461425706239,Alexandros,Lammers,alammershf@theguardian.com,244-441-0209
5602236851540345,Fenelia,Playford,fplayfordhg@ucla.edu,126-298-4767
633380733226921645,Elijah,MacGinlay,emacginlayhh@virginia.edu,942-707-2485
3578832811824459,Tony,Fylan,tfylanhi@desdev.cn,317-999-7388
6398157714422461,Keeley,Hustings,khustingshj@miibeian.gov.cn,106-849-3836
5581435678406202,Janis,Gaffer,jgafferhk@who.int,389-459-7742
372301172692800,Hartwell,Jentin,hjentinhl@technorati.com,380-233-8137
5602234597162706,Caralie,Caton,ccatonhm@edublogs.org,920-384-9730
3583019055979347,Gretna,Rollin,grollinhn@reverbnation.com,627-191-7830
3572911447282302,Katharine,Hawgood,khawgoodho@netscape.com,969-744-4562
677160628851949288,Hashim,Olkowicz,holkowiczhp@nsw.gov.au,723-559-0029
4911225739045404882,Hakeem,Taberner,htabernerhq@bloomberg.com,758-188-7516
3578275068493802,Inglebert,Warn,iwarnhr@bravesites.com,320-891-3220
3555998646087955,Randy,Jodrellec,rjodrellechs@cam.ac.uk,129-878-2767
3555817068161157,Elfie,Clavering,eclaveringht@xing.com,380-913-2508
6763762676324279,Henryetta,Deniskevich,hdeniskevichhu@4shared.com,837-226-9165
4844077516737517,Hermione,Rooke,hrookehv@toplist.cz,420-961-5149
67617838452305987,Egbert,Giovannacci,egiovannaccihw@quantcast.com,971-500-3140
3574099439254428,Dugald,Leamon,dleamonhx@jigsy.com,125-779-0085
630413410956882969,Janeczka,Grishunin,jgrishuninhy@a8.net,387-679-9663
3559652158057502,Barnie,Bessett,bbessetthz@g.co,634-314-4179
4903604089786467500,Chrissy,Thackham,cthackhami0@disqus.com,667-370-6423
3538681478048640,Jocko,Scarlin,jscarlini1@rediff.com,367-603-4637
3558944917993015,Maximilian,Backshall,mbackshalli2@sogou.com,242-862-9589
3551898373430481,Manda,Blue,mbluei3@statcounter.com,525-643-8275
3576975653050873,Derron,Heaysman,dheaysmani4@seattletimes.com,648-775-7867
56102460460295814,Abbey,Klementz,aklementzi5@opera.com,915-906-8489
67598206758049902,Teriann,Josskoviz,tjosskovizi6@comsenz.com,718-188-0268
201633946090029,Vikky,Frake,vfrakei7@trellian.com,396-540-3805
3581327155718388,Letisha,Abrami,labramii8@salon.com,601-937-0575
4844146191040123,Lovell,Glide,lglidei9@mac.com,178-148-5220
3554876937655816,Juanita,Seiler,jseileria@theglobeandmail.com,501-409-9781
30453669814795,Abbie,Sansbury,asansburyib@skyrock.com,428-445-0109
5100141087897021,Devonna,Johl,djohlic@aboutads.info,882-524-8633
3564207089111556,Zachary,Beale,zbealeid@sourceforge.net,786-629-2844
3545108915914813,Dave,Linscott,dlinscottie@google.es,536-982-5821
3565193625571694,Anabelle,Brandenberg,abrandenbergif@guardian.co.uk,878-446-3220
6376138697977156,Erminie,Trowler,etrowlerig@unicef.org,879-192-5234
4017954784385,Missie,Bilston,mbilstonih@dedecms.com,241-671-2059
3555098597196580,Barnabe,Sinnocke,bsinnockeii@biglobe.ne.jp,137-387-8897
060420543817811677,Ruthy,Shakespear,rshakespearij@mail.ru,596-941-3092
3549450478358822,Constanta,Brave,cbraveik@woothemes.com,313-257-0301
3528816388783967,Vasily,Iacovelli,viacovelliil@phoca.cz,975-540-7502
30321434776617,Suzette,Guslon,sguslonim@scientificamerican.com,809-983-4970
5108751852831252,Hort,Ovendale,hovendalein@behance.net,936-272-8315
3558838655517103,Kerry,Canape,kcanapeio@redcross.org,288-860-0090
3571775423716505,Murdock,Radbone,mradboneip@printfriendly.com,326-350-6482
6709549827938157,Lyn,Blacksell,lblackselliq@umich.edu,457-437-7373
3571717321669907,Natividad,Hatz,nhatzir@amazon.com,765-779-3860
3538992037069450,Lowell,Coleyshaw,lcoleyshawis@dell.com,822-698-4099
3539895943707254,Nolie,Bernasek,nbernasekit@merriam-webster.com,539-266-4085
6709992139640931,Minta,Elstub,melstubiu@eepurl.com,106-147-0103
5002353481696318,Sybilla,Sherborn,ssherborniv@hhs.gov,113-702-8935
5591262819236860,Jan,Foulcher,jfoulcheriw@networksolutions.com,665-194-0679
3568920284226898,Celene,Sidnell,csidnellix@theguardian.com,490-519-2484
4540561654493154,Pennie,Gotcliffe,pgotcliffeiy@w3.org,300-409-4216
4017954666475,Prent,Mewes,pmewesiz@printfriendly.com,657-462-3957
3538460916821227,Rudolph,Raisbeck,rraisbeckj0@ucoz.ru,472-221-0686
5571972935411627,Odo,Habron,ohabronj1@hp.com,563-636-5984
3537561583617250,Kitty,Burtonshaw,kburtonshawj2@google.ru,239-908-3378
5100149465200379,Maxi,MacCafferky,mmaccafferkyj3@is.gd,366-221-9164
30288498780035,Mandi,Chesher,mchesherj4@webeden.co.uk,854-527-3472
564182140713455342,Caril,Tenant,ctenantj5@123-reg.co.uk,865-302-4799
4905750575435274,Douglas,Hairsine,dhairsinej6@newyorker.com,677-369-9822
3580986504127970,Maximilianus,Carden,mcardenj7@engadget.com,762-968-3629
67614795484039617,Catlin,Kenaway,ckenawayj8@typepad.com,573-187-3594
3554651093269045,Chance,Whittall,cwhittallj9@themeforest.net,159-763-1104
6759854750183105,Wilt,Bloom,wbloomja@mozilla.org,719-929-6630
3585378723134844,Theo,Gopsall,tgopsalljb@google.de,885-429-2982
3577652644819745,Hildagard,Strahan,hstrahanjc@soup.io,601-635-9931
6331106548880105,Jourdan,Hoggetts,jhoggettsjd@mail.ru,860-419-9506
4913742093621642,Zitella,Skechley,zskechleyje@newsvine.com,312-282-3734
5106886818258968,Lyndel,Pods,lpodsjf@cbsnews.com,876-585-0424
502015415328391725,Banky,Bollon,bbollonjg@cbslocal.com,545-360-3005
3567191854056344,Walker,Haycock,whaycockjh@google.ca,855-395-1796
3567565278395042,Ramsay,Blakemore,rblakemoreji@webmd.com,210-501-3014
3582603331195504,Brandtr,Hechlin,bhechlinjj@wufoo.com,444-372-4362
3585926159198541,Clary,Kinsella,ckinsellajk@nih.gov,596-271-6961
3548214151579059,Romy,Dungay,rdungayjl@smh.com.au,366-968-3461
3574444289972689,Bradney,Ellwood,bellwoodjm@simplemachines.org,410-100-1926
3582391584128790,Cecile,Northcott,cnorthcottjn@sourceforge.net,755-117-2413
4844630309169098,Jessy,Letterese,jletteresejo@google.co.jp,965-782-5520
5159807611070505,Thomasa,Scarsbrook,tscarsbrookjp@ox.ac.uk,531-146-5852
675914486532524381,Margy,Ehlerding,mehlerdingjq@multiply.com,651-487-7708
3571343688833638,Troy,Huett,thuettjr@reuters.com,626-871-2385
3580777471489224,Caz,Hicks,chicksjs@mozilla.com,631-542-3901
3562430458918821,Gabbey,Wolseley,gwolseleyjt@huffingtonpost.com,543-843-6168
201627507089396,Dale,Kidde,dkiddeju@tripod.com,287-570-8736
3557346471308617,Nanci,Ferrarello,nferrarellojv@xing.com,504-235-6047
67711901460925280,Augustus,Kendrick,akendrickjw@huffingtonpost.com,141-924-2569
3530023749119686,Gaven,Nutley,gnutleyjx@unblog.fr,690-950-4528
3552801670354718,Jacques,Mengue,jmenguejy@cargocollective.com,950-565-1652
201814683458666,Patsy,Nipper,pnipperjz@facebook.com,317-893-5639
6388592119193469,Alisa,Georger,ageorgerk0@phoca.cz,840-990-3563
5100138250361173,Artie,Quixley,aquixleyk1@dot.gov,461-276-0620
4017952342421851,Loree,Vinnick,lvinnickk2@nifty.com,917-758-0696
3580169124680922,Justis,Wooffinden,jwooffindenk3@purevolume.com,769-949-8303
4041597056072810,Maryanne,Dearnaley,mdearnaleyk4@ebay.co.uk,318-763-0307
3539057325932808,Miles,MacGregor,mmacgregork5@ebay.co.uk,297-788-0513
201876224306555,Karen,Belford,kbelfordk6@ihg.com,848-406-7878
3532093554305397,Lorant,Frill,lfrillk7@typepad.com,566-182-4335
5576201808561697,Rayna,Adshad,radshadk8@tamu.edu,101-427-0635
3559244552490826,Puff,Cammidge,pcammidgek9@independent.co.uk,357-435-2920
3586210062556684,Antonius,Baggs,abaggska@miibeian.gov.cn,774-139-5992
201525316676975,Issi,Rubertis,irubertiskb@sphinn.com,445-385-0299
30358835550621,Denice,Leask,dleaskkc@istockphoto.com,359-103-2284
3536924453878710,Hasty,Gemson,hgemsonkd@umn.edu,501-864-9435
3574244985917370,Neall,Dugan,nduganke@ow.ly,642-107-8465
5018589432920024,Latrina,Dugget,lduggetkf@goo.gl,827-213-4896
3583725390680537,Nigel,Keneforde,nkenefordekg@earthlink.net,431-677-0058
3559556766449995,Gnni,Gillise,ggillisekh@wired.com,515-885-6932
3583185791374497,Tab,Helstrip,thelstripki@php.net,584-459-9243
6375387668372894,Ermanno,Dowle,edowlekj@google.fr,488-842-9651
5038147959187772799,Maurice,Covotto,mcovottokk@usda.gov,397-650-7363
5602247538503663,Yvette,Wedgbrow,ywedgbrowkl@arizona.edu,685-674-2271
675957929422708190,Frederic,Fernandez,ffernandezkm@booking.com,506-216-8721
6771528512081501774,Aymer,Liddicoat,aliddicoatkn@cornell.edu,925-273-7289
3572583709929175,Orelee,McKinney,omckinneyko@gizmodo.com,633-884-0642
3562564300006615,Colby,Yter,cyterkp@wikia.com,216-417-0829
5108759581071298,Hart,Winks,hwinkskq@google.com.br,667-746-6401
4847935124110277,Jeffy,Stirman,jstirmankr@webeden.co.uk,108-480-4952
201423552154842,Carolann,Older,colderks@si.edu,476-945-7213
6709167205593856,Chet,Scupham,cscuphamkt@spiegel.de,337-770-7806
30106950777747,Marigold,Cockshutt,mcockshuttku@senate.gov,632-861-6073
3580216161237494,Colin,Arniz,carnizkv@msn.com,987-884-3392
201678086637824,Rosita,Hayth,rhaythkw@alibaba.com,755-786-5828
3568170891666223,Kristina,Gillam,kgillamkx@upenn.edu,517-189-4101
4041596547885,Gaye,Pentlow,gpentlowky@simplemachines.org,109-787-2601
30075093929087,Elfrida,Dumingo,edumingokz@youku.com,264-981-3411
3543366404708599,Melamie,Twyning,mtwyningl0@unicef.org,550-588-3558
3529263991062209,Nerta,Paulig,npauligl1@drupal.org,462-238-0414
3572989818176790,Moise,Waumsley,mwaumsleyl2@yellowbook.com,965-374-4534
3570235998551978,Pearce,Russel,prussell3@wikipedia.org,828-985-2582
560221852817134851,Stefan,Shalloe,sshalloel4@issuu.com,928-456-1387
201576010348858,Kathie,Billows,kbillowsl5@chronoengine.com,778-964-7287
06041168064497574,Haleigh,Grelik,hgrelikl6@cnet.com,336-494-3269
3532481909506639,Bernie,Pohling,bpohlingl7@boston.com,609-692-0441
3565467953374339,Bianca,Scopyn,bscopynl8@php.net,368-277-0368
3551233737355820,Loria,Ciccottini,lciccottinil9@behance.net,282-925-8696
374622020243662,Leon,Groucock,lgroucockla@indiegogo.com,258-735-9999
3532826967571968,Aloin,Sherrard,asherrardlb@chronoengine.com,201-718-9345
337941090882712,Karia,Reuss,kreusslc@microsoft.com,563-164-4812
3529930023287273,Humbert,Birley,hbirleyld@jimdo.com,888-125-8073
6763251376093515077,Eba,Mollen,emollenle@barnesandnoble.com,337-867-4806
5100178985788217,Merell,Hawthorne,mhawthornelf@1688.com,609-372-1371
491122420034246235,Kyla,Legge,kleggelg@walmart.com,621-753-6843
3589421227091510,Barbabas,Dafydd,bdafyddlh@studiopress.com,606-964-7190
374283554895649,Patton,Loder,ploderli@nih.gov,215-742-2679
3563918999947100,Lock,Wedgwood,lwedgwoodlj@amazon.com,962-859-3973
5018982460270133,Drugi,Batham,dbathamlk@unc.edu,646-748-9087
3576853116807587,Raina,Vanezis,rvanezisll@xinhuanet.com,576-147-3394
5496277958199691,Sheila,Towsie,stowsielm@sfgate.com,955-331-4076
5100134639530109,Ulrica,Gow,ugowln@gizmodo.com,164-746-5039
67712481876368622,Lorelle,Trevino,ltrevinolo@google.co.jp,930-451-5242
3567076625612238,Chip,Wardrope,cwardropelp@facebook.com,481-154-3547
3588556588734801,Anabal,Smorthit,asmorthitlq@canalblog.com,904-991-9003
3541450950822467,Dollie,Lambertson,dlambertsonlr@marketwatch.com,469-933-9123
3564956369995795,Shandra,Hadingham,shadinghamls@bandcamp.com,775-552-3022
3548620364823540,Sayers,Norton,snortonlt@aboutads.info,618-818-5037
3589346394035935,Alysia,Seers,aseerslu@sakura.ne.jp,442-348-3181
3547238998863781,Tad,Ledington,tledingtonlv@surveymonkey.com,530-385-6627
5491501604782260,Johnathan,Sale,jsalelw@opensource.org,304-874-4648
3553988578677255,Jewelle,Catterell,jcatterelllx@theguardian.com,695-555-9550
3574109406121342,Rois,Struan,rstruanly@yale.edu,773-708-9636
3552707756871584,Arel,Gouldthorp,agouldthorplz@patch.com,374-560-7432
4326392396532152,Keslie,Sargeaunt,ksargeauntm0@miitbeian.gov.cn,835-835-0816
6767434648147913099,Lorinda,Wolseley,lwolseleym1@163.com,626-164-4712
3570216539546917,Vivie,Daouze,vdaouzem2@usnews.com,312-458-1484
5048379958315617,Brandice,McBayne,bmcbaynem3@ftc.gov,563-254-9426
3565088992396529,Bernelle,Matuschek,bmatuschekm4@cnbc.com,290-955-1875
3566510916629635,Janeva,Ivanchenkov,jivanchenkovm5@hhs.gov,699-607-7954
3585650042183029,Quill,Topper,qtopperm6@wiley.com,700-292-8194
30418783262890,Allyn,Simnett,asimnettm7@netscape.com,507-121-2357
4041599849072,Shalna,Tinwell,stinwellm8@cbslocal.com,149-948-3427
5610517174885925,Mateo,Ibbison,mibbisonm9@baidu.com,591-953-3345
3558668157577960,Faustina,Ellice,fellicema@phpbb.com,396-352-6262
4936686638829512,Malorie,Brumhead,mbrumheadmb@mac.com,887-189-8497
3584496981541418,Ruddy,Woodcroft,rwoodcroftmc@sitemeter.com,632-983-6832
6759294386266712069,Pansie,McCorry,pmccorrymd@goo.gl,113-807-3828
3562815671664659,Warde,Radolf,wradolfme@vk.com,119-178-5072
3545665152691834,Virgie,Grabbam,vgrabbammf@cpanel.net,668-578-5503
67613723163795854,Yehudit,Paule,ypaulemg@icio.us,716-536-4634
3563983299335703,Kristel,Goodin,kgoodinmh@google.com,598-129-5265
3551189985764974,Lillian,Curphey,lcurpheymi@google.co.uk,695-785-6095
5158416999313726,Rickie,Elven,relvenmj@forbes.com,198-479-3340
560223201283469763,Orlan,Bidewel,obidewelmk@ocn.ne.jp,792-838-7795
337941901626134,Rutledge,Gueinn,rgueinnml@addthis.com,798-978-0403
3554594751602661,Wilbert,Sharer,wsharermm@sohu.com,854-383-1225
4078402753498606,Mikael,McNern,mmcnernmn@tiny.cc,154-704-3963
3567669803448894,Ingrim,Hunnicot,ihunnicotmo@privacy.gov.au,274-632-7008
3542132902967165,Yvon,Haig,yhaigmp@skype.com,281-771-5091
3555082280922528,Quinn,Havick,qhavickmq@ezinearticles.com,435-211-2153
5038475941969493168,Huntlee,Knutton,hknuttonmr@sina.com.cn,473-387-4138
5602257493959644,Sophey,Pilmer,spilmerms@ucla.edu,462-962-2328
5602254051177891,Fairlie,Carnegy,fcarnegymt@java.com,778-877-4442
3547491869364211,Jacquetta,Bainbridge,jbainbridgemu@netscape.com,570-864-1802
5100136213292030,Ellery,Rhubottom,erhubottommv@hc360.com,306-388-1401
5100143452654276,Hermy,Bloxholm,hbloxholmmw@ebay.com,442-567-2469
5387374277464443,Boycie,Matousek,bmatousekmx@webmd.com,623-989-9008
337941626313430,Rachelle,Aylett,raylettmy@google.co.uk,698-251-3468
5602250050131426,Vasily,Kinnett,vkinnettmz@deliciousdays.com,972-461-7239
676784382725483896,Gun,Steely,gsteelyn0@freewebs.com,985-603-5608
5007660530459885,Guy,McCuaig,gmccuaign1@dagondesign.com,297-786-9813
3588359437389343,Mendie,Ledgerton,mledgertonn2@cloudflare.com,289-648-7280
36301275330488,Faunie,Lobb,flobbn3@shutterfly.com,822-617-9461
3563145031698711,Willamina,De Gogay,wdegogayn4@ow.ly,857-208-1899
63041791688400574,Billie,Fere,bferen5@comcast.net,959-709-9264
5209648581046897,Suzanne,Van T'Hoog,svanthoogn6@tripod.com,741-276-2790
5602243563826178,Kendricks,Sidwell,ksidwelln7@hp.com,950-116-1184
5007666843874132,Lawton,Trewin,ltrewinn8@samsung.com,389-992-1953
5602255836687419,Catharine,Liquorish,cliquorishn9@intel.com,894-705-6641
3549342685429803,Rourke,Soame,rsoamena@cbc.ca,132-271-6344
3563032686705456,Lilah,Lardeux,llardeuxnb@columbia.edu,751-339-9425
3530939915197935,Jodee,Meyrick,jmeyricknc@sphinn.com,317-455-7163
5449049720183305,Witty,Girtin,wgirtinnd@upenn.edu,879-979-2911
3573772117289103,Erda,Azemar,eazemarne@ucla.edu,939-195-5971
201885358426147,Lovell,Bramelt,lbrameltnf@china.com.cn,102-251-7017
6759187256218780,Georgeta,Al Hirsi,galhirsing@umich.edu,660-644-7575
63042720666327839,Tommie,Gainseford,tgainsefordnh@hatena.ne.jp,145-116-0689
3570899408788601,Bartholemy,Liffe,bliffeni@oracle.com,627-119-9063
3545231706353486,Elbert,Bonnaire,ebonnairenj@studiopress.com,623-425-8834
4917084075855864,Thain,de Werk,tdewerknk@nydailynews.com,373-831-1763
5436266503061947,Rosana,Cobain,rcobainnl@wikia.com,391-840-3549
3559904248069595,Ruthi,Sobey,rsobeynm@aboutads.info,986-627-2383
503823674625986849,Ignacius,Stringman,istringmannn@sohu.com,529-421-1784
3581280744333112,Garold,Amthor,gamthorno@acquirethisname.com,194-239-8098
6759122170079406,Andrew,Ivanets,aivanetsnp@sfgate.com,893-409-3033
493617181898677976,Lanie,Finkle,lfinklenq@biglobe.ne.jp,925-473-6249
560222901938452541,Ebonee,Petris,epetrisnr@shinystat.com,717-250-9610
675920730276356282,Annmarie,Huyton,ahuytonns@ftc.gov,931-534-9255
3570060475956627,Meaghan,Wilmore,mwilmorent@phoca.cz,711-871-5067
346195619203087,Orton,O'Donnelly,oodonnellynu@histats.com,590-173-5984
3567767014605615,Lindsay,Priddy,lpriddynv@dagondesign.com,255-485-4538
379164700250340,Nichole,Willson,nwillsonnw@blogspot.com,274-148-6121
36416897989436,Aldin,Benfell,abenfellnx@un.org,240-652-7946
5593989048955930,Elijah,Matteoni,ematteoniny@techcrunch.com,851-834-5094
5161143658195294,Merilee,Mablestone,mmablestonenz@cocolog-nifty.com,265-977-4121
3551680583657461,Erin,Stinchcombe,estinchcombeo0@sohu.com,731-139-5234
3552546244026215,Josey,Way,jwayo1@nytimes.com,244-771-0905
3555149602522219,Hazel,Renbold,hrenboldo2@home.pl,742-427-9748
4508479780387499,Vicki,Hadye,vhadyeo3@smh.com.au,281-696-1093
3577346603052964,Augustus,Bedburrow,abedburrowo4@desdev.cn,980-872-3983
6331100942556494,Adey,Twell,atwello5@china.com.cn,392-796-3414
5100177364325278,Harmonia,Malone,hmaloneo6@msu.edu,166-538-8550
4175006413027762,Byrann,Chazotte,bchazotteo7@about.me,240-675-7260
3556438705591570,Peyton,Kop,pkopo8@parallels.com,238-553-7457
3539768534173071,Harrison,Wassung,hwassungo9@bloomberg.com,262-456-2979
375170367551809,Billi,Franzewitch,bfranzewitchoa@comsenz.com,687-201-4469
3532253453079671,Rock,Barling,rbarlingob@ihg.com,143-305-4111
5100146973456659,Frazier,Moggie,fmoggieoc@cargocollective.com,158-395-9893
3549822935430792,Charlena,Haslen,chaslenod@qq.com,495-928-1271
3542145453971949,Kristan,Yitzhok,kyitzhokoe@imgur.com,969-569-2223
3532565875375936,Averil,Creaser,acreaserof@nba.com,577-985-5386
3557988457186572,Binky,Strowthers,bstrowthersog@gmpg.org,353-318-5811
5108756786062767,Aldin,Skippen,askippenoh@bizjournals.com,980-839-0885
3532254076835572,Sauveur,Alderson,saldersonoi@t.co,338-824-8328
3577196212115557,Wylie,Murtell,wmurtelloj@sun.com,812-723-2153
3539091806094051,Perl,Lehrian,plehrianok@noaa.gov,979-369-3576
36137374123394,Savina,Lancastle,slancastleol@gmpg.org,416-589-2942
3582782708631570,Heida,Coope,hcoopeom@myspace.com,575-625-1776
4017953162237,Leland,Mawtus,lmawtuson@jiathis.com,896-744-0334
3560351495214317,Wiatt,Bengochea,wbengocheaoo@mapy.cz,397-830-7160
4569752322065,Mose,Attridge,mattridgeop@ifeng.com,769-381-4187
4405144013188890,Marcia,Manuelli,mmanuellioq@topsy.com,329-605-4174
3530528393531705,Karry,Ewart,kewartor@quantcast.com,650-218-7513
633480097087138296,Tricia,Balkwill,tbalkwillos@ocn.ne.jp,420-576-6860
3546501394722195,Halette,Doxey,hdoxeyot@so-net.ne.jp,268-120-0312
633443654156065440,Lacy,Kees,lkeesou@state.gov,174-599-3725
56022109922178665,Jecho,Tytterton,jtyttertonov@gov.uk,997-676-5999
06048742730798111,Kathrine,Oleksiak,koleksiakow@sfgate.com,757-750-3010
630454471850193648,Ardenia,Stribbling,astribblingox@washington.edu,230-721-8228
5210852724723696,Fayre,Haill,fhailloy@soup.io,595-999-4535
06041541855112018,Quinn,Carrel,qcarreloz@un.org,722-507-3412
3542459551432484,Aguie,Cristol,acristolp0@sphinn.com,676-756-1447
3532661338804743,Roscoe,Bonder,rbonderp1@shop-pro.jp,242-746-4009
36463069650529,Rafaelia,Estabrook,restabrookp2@oaic.gov.au,859-463-1777
633110234303535728,Livvie,Pelerin,lpelerinp3@craigslist.org,981-979-4727
372301780719136,Kimberley,Smissen,ksmissenp4@va.gov,158-130-3635
564182725736037752,Winfred,Wurz,wwurzp5@indiatimes.com,801-601-5605
201886613223337,Blane,Falcus,bfalcusp6@jugem.jp,781-290-8627
3589768258856207,Drugi,Greenside,dgreensidep7@engadget.com,850-466-5796
3538039235847020,Fritz,Reedie,freediep8@example.com,370-130-6728
3529267058164352,Ianthe,Obey,iobeyp9@php.net,394-193-4058
490347969770589878,Jeff,Lettington,jlettingtonpa@google.com.au,556-188-3308
3534248835861307,Iris,Spellessy,ispellessypb@nationalgeographic.com,161-740-8858
4119118840010,Hillary,McKenney,hmckenneypc@studiopress.com,377-697-3862
4041371909010199,Ricard,Ilive,rilivepd@nyu.edu,557-758-1424
374622111163399,Kania,Garron,kgarronpe@moonfruit.com,154-582-9769
5602248560114164430,Lindsay,Daviot,ldaviotpf@sourceforge.net,909-234-6736
5602230127783441,Alexis,Cashman,acashmanpg@squidoo.com,525-322-0519
3529418141929430,Ber,Watsham,bwatshamph@wikia.com,898-484-0057
56022423275300713,Jerome,Ashenhurst,jashenhurstpi@hexun.com,941-547-0951
3578900293067887,Ina,Etherson,iethersonpj@rambler.ru,239-991-2543
5018908238872595745,Sib,Whorall,swhorallpk@blog.com,196-377-2525
201422647371866,Frasco,Scarce,fscarcepl@pagesperso-orange.fr,423-486-0085
3552966364834927,Suzy,Marchand,smarchandpm@webeden.co.uk,313-208-3779
6385254214749009,Fiann,Dalli,fdallipn@patch.com,300-858-6134
201538829621768,Basilius,Gurnett,bgurnettpo@ted.com,986-183-2143
4913489780463181,Rikki,Jedrzejkiewicz,rjedrzejkiewiczpp@scribd.com,624-164-3046
560222441497809757,Horton,Clavering,hclaveringpq@wix.com,544-197-9458
30263499798476,Lulita,Enterle,lenterlepr@ustream.tv,314-477-5306
3575598207981491,Padget,Frankish,pfrankishps@ucoz.com,537-966-6466
4026255886055583,Fleur,Mays,fmayspt@twitpic.com,640-509-7370
3563607815389726,Bunny,Rimmer,brimmerpu@feedburner.com,244-485-3221
5100139930022672,Darby,Vidloc,dvidlocpv@example.com,477-807-8369
3581825399178103,Caril,Crossan,ccrossanpw@businessinsider.com,864-292-5477
3551614796604234,Kara,McElory,kmcelorypx@tmall.com,735-997-3692
5108750291618817,Cordula,Dandison,cdandisonpy@cbslocal.com,658-364-7316
5602247079582683764,Webb,Storck,wstorckpz@dailymotion.com,787-925-6824
5602248578741122,Yard,Pasfield,ypasfieldq0@issuu.com,202-530-7137
374622033092064,Lindon,Walklott,lwalklottq1@trellian.com,127-286-8871
5048371879353975,Delora,Youd,dyoudq2@dropbox.com,856-147-9745
3545567597973514,Federico,Boult,fboultq3@shutterfly.com,646-326-2828
5602246936764323,Rafaello,Grimes,rgrimesq4@jiathis.com,116-670-6665
6759774530870533291,Cele,Percifull,cpercifullq5@wordpress.org,334-850-2943
6333507013918909672,Hubie,Brandolini,hbrandoliniq6@discuz.net,354-318-5670
3541608670019629,Olivette,Wycliff,owycliffq7@netlog.com,714-235-3786
3568030432594195,Meara,Hindmoor,mhindmoorq8@desdev.cn,325-224-2473
3535146150937075,Giffy,Moulder,gmoulderq9@zimbio.com,798-860-2575
3562961723870223,Susie,Cutbush,scutbushqa@tuttocitta.it,207-441-2981
4041590055033396,Dianne,Zoppie,dzoppieqb@51.la,487-573-2037
5602255361036024,Halsey,Guiducci,hguiducciqc@eventbrite.com,979-121-4771
3575322062122053,Lorettalorna,Halfhyde,lhalfhydeqd@exblog.jp,814-450-2140
5602216397313712,Kristo,Stemp,kstempqe@ustream.tv,775-473-0657
372301869967507,Betteanne,Valett,bvalettqf@blogtalkradio.com,735-181-0437
0604487058519124,Gena,Fullick,gfullickqg@wunderground.com,203-302-7453
3578101908243084,Averil,Foxen,afoxenqh@ed.gov,614-163-0211
5048375439948216,Germain,Sommerscales,gsommerscalesqi@wunderground.com,271-967-3619
374588038520393,Berton,Form,bformqj@dmoz.org,791-428-7059
3587736514474034,Sylas,Rouch,srouchqk@bravesites.com,243-785-5141
3532252318356233,Clemente,Fortie,cfortieql@quantcast.com,643-281-0060
337941099973199,Martie,Rowles,mrowlesqm@amazonaws.com,335-414-1512
36000830201198,Adams,Clemenzo,aclemenzoqn@ca.gov,434-745-4919
5038039348091386824,Lacey,Daspar,ldasparqo@hostgator.com,422-836-6857
3563950019990166,Maudie,Heibl,mheiblqp@qq.com,217-674-2839
3552115282103672,Joleen,Coyle,jcoyleqq@yolasite.com,985-128-7203
676720789810514764,Zia,Swift,zswiftqr@vinaora.com,404-989-3789
3541930520086792,Bearnard,Buckett,bbuckettqs@imdb.com,714-579-1548
4508870088851733,Rip,Bessom,rbessomqt@i2i.jp,729-829-0044
5426371081743593,Hyacinth,Vasse,hvassequ@paypal.com,248-456-7657
6767713112478919201,Adolph,Tebald,atebaldqv@tripadvisor.com,172-631-4451
3575073743959005,Verney,Abdee,vabdeeqw@gravatar.com,727-505-4839
3539532036179154,Matty,McGettigan,mmcgettiganqx@hibu.com,410-781-1689
3586270224478532,Amity,Merritt,amerrittqy@deliciousdays.com,748-401-5581
560221377184388278,Shem,Bunton,sbuntonqz@example.com,319-543-0761
5602211787025463,Inez,Krystof,ikrystofr0@dot.gov,195-706-3098
346398260015467,Gennie,Hanretty,ghanrettyr1@microsoft.com,625-126-6035
30402156949267,Eldredge,Rutherford,erutherfordr2@google.com.au,231-753-6267
677145797126542473,Jelene,Sheppey,jsheppeyr3@businessweek.com,107-220-9628
56022332397694020,Merridie,Fergyson,mfergysonr4@devhub.com,620-721-3183
5602245169781533,Persis,Epps,peppsr5@google.ru,752-373-9694
201957049768433,Tris,Alcock,talcockr6@wikipedia.org,787-724-5798
4405280699526571,Ivy,Ganniclifft,iganniclifftr7@nytimes.com,780-808-0442
3531688717493187,Vannie,Gever,vgeverr8@ihg.com,225-158-7762
5602210097149518,Zach,Withnall,zwithnallr9@loc.gov,165-123-8884
3570969743925133,Mercie,Halworth,mhalworthra@princeton.edu,212-383-0830
3547590749427997,Batsheva,Breslauer,bbreslauerrb@salon.com,624-209-8583
6304933879632325949,Johnathon,Pawle,jpawlerc@last.fm,706-940-2888
201790035537797,Linoel,Sames,lsamesrd@google.ca,862-104-7892
3532774717375217,Sherye,Lipson,slipsonre@theguardian.com,628-973-9862
372301749988541,Pace,Boldry,pboldryrf@bravesites.com,644-967-2132
3539121725862252,Scot,Dering,sderingrg@cdc.gov,427-800-1560
589322254162954040,Stormie,Milthorpe,smilthorperh@icio.us,160-632-4779
5100147216930732,Chrissie,Vogele,cvogeleri@addtoany.com,753-440-8198
3551233324723927,Maxie,Taberner,mtabernerrj@utexas.edu,957-113-5186
5582520337393393,Nessa,Skeat,nskeatrk@hugedomains.com,900-417-0630
343005325449325,Daphne,Kleinber,dkleinberrl@narod.ru,352-194-9129
4508825687716174,Gertruda,McKag,gmckagrm@about.me,165-930-6294
3586405346200428,Edsel,Haslock,ehaslockrn@mac.com,274-196-3658
3552479593503636,Cointon,Castagnone,ccastagnonero@cafepress.com,755-933-9210
501828508799515779,Lonnard,Edworthy,ledworthyrp@wikispaces.com,933-966-0727
6392595818695860,Honoria,Haseman,hhasemanrq@digg.com,293-674-0056
3583959378785568,Courtney,Joinsey,cjoinseyrr@soundcloud.com,488-486-5511
